Variable,Kurzlabel,In_Datensatz
X8..Ich.glaube..dass.bestimmte.astrologische.Einflüsse.eine.Bedeutung.für.das.persönliche.Wohlbefinden.haben..,Astrologie hat Einfluss auf Wohlbefinden,False
X9..Ich.interessiere.mich.für.astrologische.Deutungen.und.lese.gerne.über.die.Eigenschaften.meines.Sternzeichens.,Interesse an Astrologie,False
X10..Ich.glaube.daran..dass.astrologische.Sternzeichen.meine.Persönlichkeit.und.mein.Leben.beeinflussen.,Beeinflussung der Persönlichkeit durch Sternzeichen,False
X11..Ich.bin.überzeugt..dass.Horoskope.zukünftige.Ereignisse.vorhersagen.können.,Horoskope können Zukunft vorhersagen,False
X20..Ich.würde.eine.astrologische.Beratung.in.Anspruch.nehmen.,Inanspruchnahme astrologische Beratung,False
X15..Ich.achte.in.meinem.Alltag.bewusst.auf.Achtsamkeit.und.Entspannung.,Achtsamkeit im Alltag,False
X16..Ich.bin.überzeugt..dass.Achtsamkeitspraktiken.eine.heilende.Wirkung.auf.körperliche.Beschwerden.haben.können.,Achtsamkeit hat heilende Wirkung,False
X19..Ich.lege.großen.Wert.auf.eine.gesunde.und.bewusste.Lebensweise.,Gesunde Lebensweise,False
X27..Ich.nehme.an.Kursen.oder.Workshops.zu.achtsamkeitsbasierten.Heilmethoden.teil..z.B..Meditation..Ayurveda..Reiki..,Besuch von Achtsamkeitskursen,False
X17..Ich.hinterfrage.medizinische.Behandlungen.und.Therapien.kritisch.,Hinterfragen medizinischer Behandlungen,False
X18..Ich.glaube..dass.konventionelle.Medizin.häufig.nur.Symptome.behandelt.und.nicht.die.Ursache.von.Krankheiten.,Schulmedizin behandelt nur Symptome,False
X6..Ich.bin.davon.überzeugt..dass.homöopathische.Mittel.bei.der.Heilung.von.Krankheiten.helfen.können..,Homöopathie Überzeugung,False
X12..Ich.habe.bereits.einen.Heilpraktiker.oder.eine.Heilpraktikerin.aufgesucht.,Heilpraktikerin besucht,False
X13..Ich.vertraue.darauf..dass.Heilpraktikerinnen.meinen.Gesundheitszustand.umfassend.und.ganzheitlich.betrachten.,Vertrauen in Heilpraktikerin,False
X14..Bei.gesundheitlichen.Problemen.meiner.Familie.ziehe.ich.es.in.Betracht..Heilpraktikerinnen.hinzuzuziehen.,Familienbesuch bei Heilpraktikerin,False
X21..Ich.ziehe.es.vor..bei.leichten.Beschwerden.zuerst.Homöopathika.zu.nutzen..bevor.ich.konventionelle.Medikamente.einnehme.,Homöopathika zuerst,False
X22..Ich.vertraue.auf.die.Wirkung.von.Homöopathika..weil.sie.gut.zu.meinem.achtsamen.Lebensstil.passen.,Homöopathie passt zu achtsamen Lifestyle,False
X23..Ich.würde.alternative.Heilmethoden.oder.esoterische.Praktiken..Homöopathie..Chiropraktik..Kristallheilung..Pendeln.etc...bei.meinen.Kindern.anwenden..wenn.sie.krank.sind.,CAM bei Kindern,False
X24..Ich.bin.offen.für.Behandlungen..die.auf.individuellen.Erfahrungswerten.beruhen..auch.wenn.sie.nicht.in.der.klassischen.Medizin.verbreitet.sind.,Offen für erfahrungsbasierte Behandlungen,False
X25..Ich.bevorzuge.es..zu.einer.Heilpraktikerin.zu.gehen..anstatt.konventionelle.medizinische.Hilfe.zu.suchen.,Bevorzugt CAM,False
X26..Ich.glaube..dass.Heilpraktikerinnen.oft.wirksamere.Lösungen.für.gesundheitliche.Probleme.anbieten.als.Ärztinnen.,CAM sind wirksamer,False
X28..Ich.benutze.Homöopathika..weil.sie.leichter.erhältlich.sind.als.herkömmliche.Medikamente.,Homöopathika sind besser erhältlich,False
X29..Ich.glaube.an.alternative.Heilmethoden..weil.ich.konventionellen.Methoden.oft.skeptisch.gegenüberstehe.,"Benutzt CAM, weil Skepsis gegenüber Schulmedizin",False
X30..Ich.vertraue.auf.alternative.Heilmethoden..weil.ich.die.Erfahrung.gemacht.habe..dass.sie.wirken.,CAM-Nutzung aufgrund von guter Erfahrung damit,False
X31..Ich.vertraue.auf.alternative.Heilmethoden..weil.ich.sie.für.natürlicher.und.weniger.schädlich.halte.als.klassische.Medikamente.,CAM sind natürlicher,False
X32..Alternative.Heilmethoden.passen.besser.zu.meinem.achtsamen.Lebensstil.und.meinen.persönlichen.Überzeugungen.,CAM passt zum Lebensstil,False
