ID,Teilnahmeform (online oder analog),Stimmen Sie der Teilnahme an dieser Studie zu?,Stimmen Sie den vorliegenden Datenschutzbestimmungen zu?,1. Alter (in Jahren) ,2. Geschlecht ,3. Höchster Bildungsabschluss      ,4. Familienstand (Mehrfachantwort möglich),5.1. War Ihnen die oben aufgeführte Esoterikdefinition bekannt?,5.2. War Ihnen die oben aufgeführte Homöopathiedefinition bekannt?,5.3. War Ihnen die oben aufgeführte Astrologiedefinition bekannt?,5.4. War Ihnen die oben aufgeführte alternative Heilmethodendefinition bekannt?,5.5. War Ihnen die oben aufgeführte Achtsamkeitsdefinition bekannt?,5.6. War Ihnen die oben aufgeführte Heilpraktikerinnendefinition bekannt?,"6. Ich bin davon überzeugt, dass homöopathische Mittel bei der Heilung von Krankheiten helfen können. ","7 . Ich informiere mich in sozialen Medien (z.B. Instagram, Tik Tok, Facebook) zu den Themen Astrologie und Achtsamkeit.  ","8. Ich glaube, dass bestimmte astrologische Einflüsse eine Bedeutung für das persönliche Wohlbefinden haben. ",9. Ich interessiere mich für astrologische Deutungen und lese gerne über die Eigenschaften meines Sternzeichens.,"10. Ich glaube daran, dass astrologische Sternzeichen meine Persönlichkeit und mein Leben beeinflussen.","11. Ich bin überzeugt, dass Horoskope zukünftige Ereignisse vorhersagen können.",12. Ich habe bereits einen Heilpraktiker oder eine Heilpraktikerin aufgesucht.,"13. Ich vertraue darauf, dass Heilpraktikerinnen meinen Gesundheitszustand umfassend und ganzheitlich betrachten.","14. Bei gesundheitlichen Problemen meiner Familie ziehe ich es in Betracht, Heilpraktikerinnen hinzuzuziehen.",15. Ich achte in meinem Alltag bewusst auf Achtsamkeit und Entspannung.,"16. Ich bin überzeugt, dass Achtsamkeitspraktiken eine heilende Wirkung auf körperliche Beschwerden haben können.",17. Ich hinterfrage medizinische Behandlungen und Therapien kritisch.,"18. Ich glaube, dass konventionelle Medizin häufig nur Symptome behandelt und nicht die Ursache von Krankheiten.",19. Ich lege großen Wert auf eine gesunde und bewusste Lebensweise.,20. Ich würde eine astrologische Beratung in Anspruch nehmen.,"21. Ich ziehe es vor, bei leichten Beschwerden zuerst Homöopathika zu nutzen, bevor ich konventionelle Medikamente einnehme.","22. Ich vertraue auf die Wirkung von Homöopathika, weil sie gut zu meinem achtsamen Lebensstil passen.","23. Ich würde alternative Heilmethoden oder esoterische Praktiken (Homöopathie, Chiropraktik, Kristallheilung, Pendeln etc.) bei meinen Kindern anwenden, wenn sie krank sind.","24. Ich bin offen für Behandlungen, die auf individuellen Erfahrungswerten beruhen, auch wenn sie nicht in der klassischen Medizin verbreitet sind.","25. Ich bevorzuge es, zu einer Heilpraktikerin zu gehen, anstatt konventionelle medizinische Hilfe zu suchen.","26. Ich glaube, dass Heilpraktikerinnen oft wirksamere Lösungen für gesundheitliche Probleme anbieten als Ärztinnen.","27. Ich nehme an Kursen oder Workshops zu achtsamkeitsbasierten Heilmethoden teil (z.B. Meditation, Ayurveda, Reiki).","28. Ich benutze Homöopathika, weil sie leichter erhältlich sind als herkömmliche Medikamente.","29. Ich glaube an alternative Heilmethoden, weil ich konventionellen Methoden oft skeptisch gegenüberstehe.","30. Ich vertraue auf alternative Heilmethoden, weil ich die Erfahrung gemacht habe, dass sie wirken.","31. Ich vertraue auf alternative Heilmethoden, weil ich sie für natürlicher und weniger schädlich halte als klassische Medikamente.",32. Alternative Heilmethoden passen besser zu meinem achtsamen Lebensstil und meinen persönlichen Überzeugungen.
1,0,0,0,64,0.5,0.75,2,1,0,0,0,1,1,0,0.33,0,0,0.33,0.66,0,0,0.33,0.33,0,0.33,0,0.33,1,0.33,0.33,0.33,0.33,0.66,0.33,0.66,0.66,0.66,0,0.33,0.66
2,0,0,0,54,0.5,1,3,0,0,1,0,0,0,0,0.66,0.33,0.33,0.66,0.66,0.33,0.33,0.33,0.33,0,0.33,0.66,0,0.66,0.33,0.33,0.33,0,0.66,0.33,0.66,0.66,0.66,0.33,0.66,0.66
3,0,0,0,81,0.5,1,3,0,1,0,0,0,0,0.33,0.66,0,0.66,0.33,0.33,0.66,0.66,0.66,0,0,0,0.66,0,1,0.66,0.66,0.33,0.33,1,1,0.33,0.66,0.66,0.33,0.33,0.33
4,0,0,0,20,0.5,0.25,1,1,0,0,0,0,0,0,0.33,0,0.66,0.66,0.66,0.66,0.33,0,0,0,0,0.66,0,0.66,0.33,0.33,0,0,0.66,0.66,0.66,0.33,0.66,0,0,0
5,0,0,0,21,0.5,0.25,0,1,1,0,1,1,1,0.33,1,0.66,1,1,1,1,1,1,0.33,0.33,0.66,0.33,0,1,0.66,1,0.33,1,1,1,1,1,1,1,1,1
6,0,0,0,21,1,0.75,1,1,0,1,1,1,1,0.33,0.33,0,0.33,0.66,0.66,1,0.66,1,1,0,0.66,0.33,0.33,0.33,1,1,0.66,0,0.66,0.66,1,1,1,1,1,1
7,0,0,0,22,0.5,0.5,1,1,1,1,1,1,1,0,1,1,1,1,1,1,1,0.66,1,1,0.33,1,0.66,1,1,1,1,0.33,1,1,1,1,1,1,1,1
8,0,0,0,20,0.5,0.25,1,1,0,0,1,0,0,0.33,1,0,0.33,0.66,0.66,1,0.66,0.33,0.33,0.33,0,0.33,0.33,0.33,0.66,0.66,0.66,0.33,0.66,0.33,1,0.66,0.33,0.66,0.33,0.66
9,0,0,0,22,0.5,0.5,0,0,0,0,0,0,0,0.33,0.33,0.33,0,0.66,0.33,1,1,0.66,0.33,0,0.66,0.66,0.33,0.33,0.66,0.66,1,0.66,1,0.66,1,1,1,1,0.66,1
10,0,0,0,22,0.5,0.25,0,1,0,1,1,1,1,0.33,0.66,0.33,0.33,0.33,0.33,0.66,0.66,0.66,0.33,0.33,0.66,0.33,0.33,0.66,0.33,0.33,0.33,0.33,0.66,0.33,0.33,0.33,0.66,0.33,0.66,0.66
11,0,0,0,22,0.5,0.5,0,1,1,0,0,0,0,0.66,0.66,0.66,0.66,0.66,1,1,0.33,0.66,0,0.33,0.33,0.33,0.33,1,0.33,0.66,0.66,0.33,0.66,0.66,1,1,1,0.66,0.66,0.66
12,0,0,0,25,0.5,1,0,0,0,0,0,0,0,0.33,1,0.33,0.66,1,1,0,0.66,0.66,0,0.33,0.66,0.33,0,1,0.66,0.66,0.66,0.33,0.66,0.66,0.66,0.66,0.66,0.66,0.33,0.66
13,0,0,0,18,0.5,0.5,0,0,0,1,1,1,1,0.66,1,0.66,0.33,0.66,0.66,1,1,0.66,0.33,0.66,0.66,0.66,0.33,1,0.66,1,0.66,0.66,0.66,1,1,0.66,1,0.66,0.66,0.66
14,0,0,0,45,0.5,0.75,3,1,1,0,0,0,0,0.66,1,1,0.33,0.66,0.66,1,0.33,0.66,0.66,0.66,0.33,0.33,0.33,0.66,0.66,0.66,0.66,0.66,0.66,0.66,0.66,1,1,1,1,1
15,0,0,0,20,0.5,0.5,1,0,0,0,0,1,0,0.33,0.33,0.66,0.66,0.66,0.66,1,0.66,0.66,0.33,0,0.33,0.33,0.33,0.66,0.66,1,1,0.33,1,0.66,0.66,1,0.33,0.33,0.33,0.33
16,0,0,0,24,0,0.75,0,0,0,1,0,0,0,0.66,1,1,0.66,1,1,1,1,0.66,0.33,0,0.66,1,0,1,0.66,1,1,0.66,1,1,1,1,1,1,1,1
17,0,0,0,20,0.5,0.5,0,1,0,0,1,1,1,0.33,0.66,0.33,0.33,0.33,0.33,1,0.33,1,0,0.33,0.66,0.33,0,0.33,0.66,0.33,0.33,0.33,1,0.33,1,1,0.33,0.66,0.33,0.33
18,0,0,0,20,0,0.5,0,1,0,0,1,0,0,0.33,1,0.33,0.66,1,1,1,0.33,0.33,0.33,0,0,0,0.33,1,0,0.66,0.33,0.33,0.66,0.33,0.33,1,0.33,0.33,0.66,0.66
19,0,0,0,20,0.5,0.5,1,1,0,0,1,0,0,0,0.33,0.33,0.33,0.33,0.66,0,0,0,0,0,0.33,0.33,0,0.66,0.33,0.33,0.33,0.33,0.66,0.33,0.33,1,0.66,0,0.33,0.33
20,0,0,0,27,0.5,0.75,1,1,0,1,0,1,0,1,1,1,1,1,1,1,1,1,0.33,0.33,0.66,1,0.33,1,1,1,1,0.66,1,1,1,1,1,1,1,1
21,0,0,0,20,0.5,0.25,0,1,0,0,0,0,0,0,0.66,0.33,0,0.33,1,1,0.33,0.33,0.33,0,0,0.33,0,1,0.66,1,0.33,0,1,0.66,1,0.66,0.66,0.33,0,0.66
22,0,0,0,21,0.5,0.5,0,1,0,0,0,1,0,0,1,0.33,0.33,0.66,0.66,0,0,0,0.66,0,0,0.33,0,0.66,0,0.33,0.33,0,0.66,0.66,0.66,0.66,1,0,0,0.33
23,0,0,0,21,0,0.75,0,1,0,0,0,1,1,0.66,1,0,0.66,1,1,1,1,1,0.66,0,0.33,0,1,1,1,1,1,0.33,1,0.66,1,1,1,0.66,0.66,1
24,0,0,0,20,0.5,0.5,1,1,1,0,1,0,0,0.33,1,0.66,1,1,1,0.33,0.33,0.33,0.33,0.33,0.66,0.66,0.33,1,0.33,0.66,0.66,0.33,0.66,0.66,1,0.66,0.66,0.33,0.33,0.33
25,0,0,0,37,0.5,0.25,1,0,0,0,0,0,0,0,0,0,1,1,1,0,0,0,0,0,0,0,0,1,0,0,0,0,0,0,0,0,0.66,0,0,0
26,0,0,0,65,0.5,1,1,1,1,1,1,1,1,0.33,0.66,0.33,0.33,0.33,0.66,0.66,0,0.33,0,0.33,0,0.33,0,0.66,0.66,0.66,0.33,0.33,0.66,0.33,0.66,0.66,0.66,0.66,0.66,0.66
27,0,0,0,20,0,0.75,0,0,1,0,0,0,1,0.33,1,0.33,1,1,0.33,1,0.66,1,0,1,0.33,0.33,0.33,1,0.66,1,1,0.66,1,1,1,1,1,0.66,1,1
28,0,0,0,62,0.5,1,3,1,0,1,0,0,0,0.33,1,0.33,0.33,0.66,1,1,0.66,0.33,0.33,0.33,0,0.33,0.33,0.66,0.66,0.66,0.33,0.33,0.66,0.66,0.66,1,0.66,1,0.66,0.66
29,0,0,0,55,0.5,1,3,0,0,0,0,0,0,0,0.33,0.33,0.33,1,1,1,0.66,0.66,0.33,0,0,0.66,0,1,0.66,0.66,1,0.33,0.66,0.66,1,1,0.66,0.33,0.66,0.33
30,1,0,0,44,0.5,0.75,3,0,0,0,0,0,0,0,0,0,0.33,0,0.33,0.66,0.33,0,0.33,0.33,0.33,0,0,0.66,0,0,0,0,0.33,0.33,0.33,0,0.33,0,0,0.33
31,1,0,0,63,0,0.25,0,0,0,0,0,1,0,0,1,0.33,0.66,1,0.66,0.66,0,0.66,0.66,0.66,0.66,0.66,0.33,0.66,0.33,0.66,0.66,0,0.66,0.66,0.66,0.66,0.66,0.66,0.66,0.66
32,1,0,0,66,0.5,0.75,3,0,0,0,0,0,0,0.33,0.66,0.33,0.66,0.66,1,1,1,1,0.33,0.33,0,0.33,0,1,0.66,0.33,1,0.33,0.33,0.33,1,0.33,0.33,0.33,0.33,0.66
33,1,0,0,49,0.5,0.75,1,0,0,0,0,0,0,0.33,0.66,0.33,0.33,0.33,0.66,0.66,0,0,0,0,0.33,0.33,0,0.66,0.33,0.33,0.66,0,0.66,0.66,0.33,0.66,0.66,0.33,0.33,0.33
34,1,0,0,67,0.5,0.5,1,0,0,0,0,0,0,0,0.66,0.33,0.33,0.33,0.66,0.66,0,0.33,0.33,0.33,0.33,0.66,0.33,0.66,0.66,0.66,-,0.33,0.66,0.33,0.66,0.66,0.66,0.66,0.66,0.66
35,1,0,0,66,0.5,1,0,1,1,1,1,1,0,0.33,0.66,0.66,0.33,0.66,0.33,0.66,0.66,0.66,0.33,0.33,0,0.33,0,0.66,0.33,0.66,0.66,0,0.66,0.33,0.66,0.66,0.66,0.33,0.66,0.66
36,1,0,0,57,0.5,0.75,1,1,1,1,1,1,1,0.33,0.33,0,0,0,0.33,0.33,0.33,0.66,0,0,0.33,0.33,-,0.33,0.33,0.33,0.33,0.33,0.33,0.33,0.66,-,-,-,-,-
37,1,0,0,66,0.5,0.5,3,0,0,0,0,0,0,1,1,0.66,0.66,0.66,0.66,0.66,0.33,0.33,0,0.33,0.33,0.66,0.33,1,1,1,1,0.33,0.66,0.66,0.66,1,1,1,1,1
38,1,0,0,63,0.5,0.25,1,0,0,0,0,0,0,0.33,0.33,0,0.66,0.33,0.33,1,0.33,0.33,0,0.33,0,0,0.33,0.66,0.33,0,-,0.33,0,0.33,1,0.33,0.33,0.33,0,0.33
39,1,0,0,73,0.5,1,3,0,0,0,0,0,0,0,0.33,0,0.66,0.33,0.66,0,0,0,0.33,0,0,0.33,0,0.66,0,0,0.33,0.33,0.33,0.33,1,0.66,0.33,0,0,0.33
40,1,0,0,59,0.5,0,3,0,0,1,0,1,0,0.33,0.66,0.33,0.66,0.66,0.66,0.66,0.33,0.66,0.33,0.33,0,0.33,0,0.66,0.66,0.33,0.33,0,0.33,0.33,0.66,0.66,0.66,0.66,0.33,0.33
41,1,0,0,43,0.5,0.75,1,0,0,0,0,0,0,0.33,0.66,0.33,0.33,0.33,0.66,1,0.33,0.66,0.66,0.66,0.33,0.66,0.33,0,0.66,0.66,0.66,0.33,0.33,0.33,1,0.66,0.66,0.66,0.66,0.66
42,1,0,0,53,0,1,3,0,0,0,0,0,0,0,1,1,1,1,1,1,1,1,0.33,0.33,0,0,0.33,1,1,1,1,0.33,1,1,1,1,1,1,1,1
43,1,0,0,71,0.5,1,1,0,0,0,0,0,0,0.33,0.66,0.33,1,0.33,0.66,1,0,0.33,0.33,0.33,0,0.66,0,0.33,1,0,1,0,0.66,0.33,1,1,0.66,0.33,0.33,0.66
44,1,0,0,54,0.5,0.25,1,1,0,0,0,1,0,0.33,0.66,0.33,0.66,0.33,0.66,1,0.33,0.33,0.66,0.66,0.66,0.33,0,0.66,0.33,0.33,0.33,0.33,0.33,0,1,1,0.33,0.33,0.33,0.33
45,1,0,0,80,0.5,1,0,0,0,0,0,0,0,0.33,0.66,0.33,0.33,0,0.33,0,0,0.66,0,0.33,0.33,0.33,0,0.66,0.33,0.33,0.33,0.66,0.66,0.33,0.33,1,0.33,0.33,0.33,0.33
46,1,0,0,50,0.5,0.25,3,1,0,1,0,1,0,0.33,0.66,0.66,0.66,0.66,0.66,0.66,0,0.33,0.33,0,0.33,0.33,0.33,0.66,0.33,0,0.33,0,0.33,0.33,0.66,0.33,0.33,0.33,0.33,0.33
47,1,0,0,57,0.5,0.75,3,1,1,1,1,0,0,0.66,1,0.66,0.66,0.66,1,1,0.66,0.66,0.33,0.66,0,0.33,0.33,0.66,0.66,0.66,1,0.66,0.66,0.66,1,1,0.66,1,1,0.66
48,1,0,0,58,0.5,1,3,0,0,0,0,0,0,0,1,0.33,1,0.66,1,0,0,0,0.33,0,0,0.33,0,1,0.33,0.33,0.33,0,0.66,0.33,1,1,0.33,0.33,0.33,0.33
49,1,0,0,72,0,0.25,1,1,0,0,0,0,0,0.66,0.66,0.33,0.66,0.66,0.66,0,0,0.33,0,0,0.33,0.33,0,0.66,0.33,0.66,0.33,0.33,0.33,0.33,0.66,0.66,0,0,0.33,0.33
50,1,0,0,66,0.5,0.75,1,1,1,1,1,0,0,0.33,0.33,0.33,0.33,0,0.33,0.66,0.33,0.66,0,0.33,0.66,0.33,0,0.33,0.33,0.66,0.66,0.33,0.66,0,0.66,0.66,0.66,0.66,0.33,0.33
51,1,0,0,67,0.5,0.75,1,0,0,0,0,0,0,0.33,1,0,0.33,0.33,0.33,0,0,0,0.33,0.33,0,0.33,0,0.66,0.33,0.33,0.33,0.33,0.33,0.33,0.66,0,0.33,0,0,0
52,1,0,0,66,0.5,1,1,0,0,0,0,0,0,0.66,1,0,1,1,0.33,0.66,0.66,0.66,0.33,0.33,0,0,0.33,1,0.66,0.66,1,0.33,0.66,0.66,1,0.66,0.33,0.66,0.66,0.66
53,1,0,0,38,0.5,0.25,1,1,1,1,0,1,0,0.33,1,0.33,1,1,1,0,0.33,0.33,0.33,0.33,0.66,0.33,0.33,1,1,1,1,0.33,0.66,0.33,1,1,1,1,1,1
54,1,0,0,61,0.5,0.75,1,0,0,0,0,1,0,0,0.33,0,0,0,0,0.66,0,0,0.33,0,0.33,0,0.33,0,0,0.33,0,0,0.33,0.33,0.33,0.66,0.33,1,0.33,0.33
55,1,0,0,66,0.5,1,1,0,0,0,0,0,0,0.33,1,0.66,0.66,1,1,1,0.66,0.66,0,0.33,0,0.66,0,1,0.66,0.33,1,0.66,1,0.66,0.66,0.66,0.66,0.66,0.66,0.66
56,1,0,0,53,0.5,0.75,1,0,0,0,0,0,0,0,0.33,0,0.66,0.33,0,0,0,0,0,0,0.33,0.33,0,0.66,0.33,0,0.33,0,0.33,0.33,0.33,0.66,0.66,0,0,0
57,1,0,0,24,0.5,0.75,1,1,0,1,1,0,0,0.66,0.66,0.33,0.66,0.66,0.66,0.66,0.66,0.66,0,0.66,0.33,0.33,0,0.66,0.66,0.66,0.33,0.66,1,0.66,0.66,0.66,0.66,1,0.66,0.66
58,1,0,0,55,0.5,1,3,0,0,0,0,0,0,0.33,0.66,0.33,1,1,1,1,0,0.33,0.33,0,0.33,0.66,0.33,1,0.66,0,0.33,0,1,0.66,1,0,1,0,0,0.66
59,1,0,0,84,0.5,0.75,3,1,0,1,1,1,0,0.33,1,0.33,0.66,0.66,0.66,0,0.33,0.33,0,0.33,0.33,0.33,0,0.66,0.33,0.66,0.66,0,0.33,0.33,0.66,0.66,0.33,0.66,0.66,0.66
60,0,0,0,46,0.5,0.75,0,1,1,1,1,1,1,0.66,0.66,0.66,0.33,0.33,0.66,0.66,0.66,0.66,0.33,0.66,0,0.33,0.33,1,0.66,0.33,0.33,0.66,0.66,0.66,0.66,0.66,0.66,0.66,0.66,0.66
61,1,0,0,73,0.5,1,0,0,0,0,0,0,0,0,0.66,0,0.33,0.33,0.66,0,0,0,0,0,0.33,0.33,0.66,1,0.33,0,0,0,0.66,0.33,0,0.66,0.66,0,0.66,0.66
62,1,0,0,42,0.5,0.75,2,0,0,0,0,0,0,0,0,0,0,0,0.33,0.33,0.33,0.33,0.33,0.33,0,0.33,0.33,0.33,0.33,0.33,0.33,0.33,0.66,0.66,0.66,0.33,0,0,0.33,0.33
63,1,0,0,50,0.5,1,3,1,1,0,0,1,0,1,1,0.66,1,1,1,1,1,0.33,0.33,0.33,0.66,0.66,0,1,1,1,1,0.33,1,1,1,1,1,1,1,1
64,1,0,0,56,0,0.75,2,1,0,0,0,0,0,0.33,1,0.66,0.66,0.66,0.66,0.66,0.66,0.66,0,0,0,0.66,0.33,0.66,0.66,0.66,0.66,0.33,0.66,0.66,0.66,0.66,0.66,0.66,0.66,0.66
65,1,0,0,45,0.5,0.75,1,0,0,0,0,1,0,0.33,1,0.66,0.33,0.66,0.66,1,1,0.66,0.66,0.66,0,0.33,0.66,1,0.66,0.66,0.66,0.33,1,0.66,1,1,1,1,1,1
66,1,0,0,60,0.5,0.75,3,1,0,1,0,0,0,0.33,1,1,1,1,1,0,0,0,0.33,0.33,0,0,0,1,0.66,0.66,0.33,0,0.33,0.33,0.66,1,0.66,0.33,0.33,0.33
67,0,0,0,47,0.5,0.75,3,0,0,1,1,1,1,0,0.33,0.33,0.33,0.33,0.66,0.66,0,0,0.33,0.33,0,0.66,0.33,0.66,0.33,0.33,0.33,0,0.33,0.33,0.66,0.33,0.33,0.33,0.33,0.33
68,1,0,0,25,0,1,1,1,1,1,0,0,0,0.33,1,1,0.66,0.66,0.66,1,1,1,0.33,0.33,0.66,0.66,0.33,1,0.66,0.66,0.66,0.33,1,0.66,0.66,0.66,1,0.66,0.66,0.66
69,1,0,0,53,0.5,1,3,0,0,0,0,0,0,0.33,1,0.33,0.33,0.33,0.33,1,1,0.66,0.33,0.33,0.33,0.33,0.33,1,1,0.66,0.66,0.33,1,0.66,0.66,0.66,1,1,0.66,0.66
70,1,0,0,54,0.5,0.75,3,0,0,0,0,0,0,0.33,0.33,0.33,0.66,0.33,0.33,0.66,0.33,0.66,0,0,0,0.33,0,0.66,0.33,0,0.66,0.33,0.66,0.66,0.66,0.66,0.66,0.33,0.66,0.66
71,1,0,0,62,0,0.75,3,0,0,0,0,0,0,1,1,0.66,0.66,0.66,0.66,1,1,0.33,0.33,0,0,0.33,0.33,0.66,1,0.66,1,0.66,1,0.66,0.33,1,0.66,0.66,0.66,0.66
72,1,0,0,84,0.5,0,3,0,0,1,0,0,0,0,0.66,0.33,0.66,0.33,0.66,0,0,0.66,0.33,0.33,0.66,0.33,0.33,0.66,0,0.33,0.66,0.33,0.33,0,0.66,0.33,0.33,0.33,0,0.33
73,1,0,0,49,0,1,3,0,0,0,0,0,1,0.33,1,0,0.66,0.66,0.66,1,0.33,0.66,0.33,0,0,0,0.33,0.66,0.66,0.33,0.33,0.33,0.66,0.33,0.66,0.66,0.33,0.33,0.33,0.33
74,1,0,0,62,0.5,1,3,1,1,1,1,0,1,0.33,1,1,1,1,1,1,1,0.33,0.33,0,0,0,0,1,1,0,0.33,0,0.66,0,0.33,0.33,0,0,0,0
75,1,0,0,54,0.5,0.75,3,1,0,0,0,0,0,0,0.66,0.33,0.33,0.33,0.33,0,0,0,0.33,0.33,0.33,0.33,0,0.66,0.33,0.33,0.33,0,0.33,0.33,0.66,0.66,0.66,0.33,0,0.66
76,1,0,0,65,0,1,3,1,1,1,1,1,1,0.33,1,1,1,1,1,1,0.33,0.33,0.33,0.66,0.33,0.33,0.33,1,0.66,0.33,0.66,0.33,0.66,0.33,1,0.66,0.66,0.33,0.66,0.66
77,1,0,0,73,0.5,0.75,3,1,0,1,0,0,0,0.33,1,0.33,0.66,0.66,0.33,1,0,0,0.33,0,0.33,0.66,0,0,0.33,1,0.33,0,1,0.66,1,1,0.33,0.33,0.33,0.33
78,1,0,0,56,0,0.5,3,1,1,1,1,1,0,0,1,0.66,1,1,1,1,0.66,0.33,0,0.66,0.66,0.66,0.33,1,0.33,1,1,0.33,1,0.33,1,1,1,1,1,1
79,1,0,0,55,0.5,0.75,3,0,1,0,0,0,0,0,1,0,1,1,1,0,0.33,0.33,0,0.33,0,0.33,0.33,1,0.33,0.33,0.33,0,0.66,0.66,1,0.66,0.33,0.33,0.33,0.33
80,1,0,0,75,0.5,0.75,3,0,0,0,0,1,0,0.33,0.66,0.33,0,0.33,0.66,0.66,0.66,0.66,0,0.33,0,0.33,0,0.66,0.66,0.66,0.66,0.33,0.66,0.66,0.66,0.66,0.66,0.66,0.66,0.66
81,1,0,0,56,0.5,1,1,1,0,1,0,1,0,0.33,1,0.33,1,0.66,1,0,0.33,0.66,0.66,0.66,0,0.33,0,1,1,1,0.66,0.33,1,0.66,1,1,1,0.66,0.66,0.66
82,1,0,0,28,0.5,1,1,1,0,0,0,0,0,0.66,1,0.66,0.33,0.33,1,1,1,0.66,0.33,0.33,0,0.66,0,1,1,1,1,0.33,1,1,0.66,1,1,1,1,1
83,1,0,0,29,0,1,1,0,1,0,0,0,0,0.33,1,1,1,1,1,1,0.66,0.66,0.33,0,0.66,0.66,0.33,1,1,0.66,1,0.33,1,1,1,1,1,1,0.66,0.66
84,1,0,0,31,0,0.75,0,0,1,1,0,0,0,0,0.66,0.33,0.66,0.33,0.66,0.66,0.66,0.66,0,0,0,0,0,0.66,0.33,0.33,0.33,0,0.33,0,0.33,0.33,0,0,0,0
85,1,0,0,60,0,0.75,3,0,0,0,0,1,0,0.33,0.33,0.33,0.33,0.33,0.33,0.66,0.66,0.33,0.33,0,0.33,0.66,0.33,0.66,0.66,0.66,0.33,0.33,0.66,0.66,0.66,0.66,0.66,0.33,0.33,0.66
86,1,0,0,59,0.5,1,3,0,0,0,0,0,0,0,0.66,0,0.66,0.33,1,0.66,0.33,0,0.33,0,0.33,0.66,0,1,0.33,0,0.66,0,0.66,0.66,0.66,0.66,0.66,0.33,0.33,0.66
87,1,0,0,53,0.5,0.75,3,0,0,0,0,0,0,0.66,1,1,0.66,1,1,1,1,1,0,0,0,0.66,0,1,0.66,0,0.66,0.33,0.66,1,0.66,1,1,0.66,0.66,1
88,1,0,0,66,0,1,3,0,0,0,0,0,0,0.33,0.66,0.33,1,1,1,0,0.33,0,0.66,0.33,0,0,0.33,1,0.66,0.66,0.33,0,0.66,0.33,0.66,0.66,0.66,0.33,0.33,0.66
89,1,0,0,56,0.5,1,2,0,0,0,0,0,0,0,0.66,0.33,0.66,0.66,0.66,0,0.33,0,0.33,0,0,0,0,1,0.33,0.33,0.33,0.33,0.66,0.33,1,0.33,0,0.33,0.33,0.33
90,1,0,0,58,0,1,2,0,0,0,0,0,0,1,1,1,1,1,1,1,1,1,0,0,0,0.66,0,1,1,1,1,1,1,1,1,1,1,1,1,1
91,1,0,0,54,0,0.75,3,0,0,0,0,0,0,0.33,1,0.66,0.66,0.66,1,0,0.33,0.66,0.33,0.33,0.33,0.66,0.33,1,0.66,0.66,0.66,0.33,0.66,0.66,1,0.66,0.66,0.33,0.33,0.66
92,1,0,0,53,0.5,1,3,0,0,0,0,0,0,0,1,0.33,0,0,0.33,0,0,0,0.33,0,0.33,0,0.33,0.66,0.33,0.33,0.33,0,0.33,0.33,1,0.66,0.66,0.33,0.33,0.33
93,1,0,0,48,0,1,3,1,0,1,0,0,0,1,0.33,1,0.66,1,1,0,1,1,0.33,0.66,0.33,0.66,0.33,1,1,1,1,0.33,1,1,1,1,1,1,1,1
94,1,0,0,39,0.5,1,3,1,0,1,1,0,1,0.33,0.66,0.33,0.66,0.33,0.66,0.66,0.33,0.66,0.66,0.66,0.33,0.66,0.33,0.66,0.33,0.66,0.66,0.33,0.66,0.66,0.66,0.66,0.66,0.33,0.33,0.66
95,1,0,0,54,0.5,0.75,3,1,0,0,0,0,0,0.33,0.66,0,0,0,0.33,0,0.33,0.33,0.66,0.66,0.33,0.33,0.66,0.66,0.33,0.33,0.66,0.33,0.66,0.66,1,0.66,0.66,0.33,0.66,0.66
96,1,0,0,62,0.5,0.5,0,1,1,1,0,1,0,0.33,0,0,0.66,0.33,0.66,1,1,0.33,0.33,0.33,0.66,0.33,0.33,0.66,0.66,0.66,0.66,0.33,0.66,0.66,0.66,0.33,0.66,0.66,0.66,0.66
97,1,0,0,54,0,1,3,0,0,1,0,1,0,0.33,1,1,0.66,1,1,0.33,0.66,0.66,0.33,0.33,0,0.66,0.66,1,0.66,0.66,1,0,1,1,0.66,1,0.66,1,0.66,0.66
98,1,0,0,53,0.5,0.75,1,0,0,0,0,1,0,0.33,0.66,0.33,0.66,0.66,1,1,0.66,0.66,1,0.66,0.66,0.66,0.66,0.66,1,1,0.66,0.33,1,0.66,1,1,0.66,0.66,0.66,0.66
99,1,0,0,64,0.5,0.75,1,0,0,1,0,0,0,0,0.33,0.33,1,0.33,0.33,0.66,0,0.33,0,0,0,0,0,0.66,0.33,0,0,0,0.33,0.33,0.66,0.66,0.33,0.33,0.33,0.33
100,1,0,0,62,0,1,3,0,0,1,0,0,0,0,0.66,0.33,0.66,0.66,0.66,0,0,0,0,0,0,0.33,0,0.66,0.33,0,0,0,0.33,0.66,0.66,0.66,0.33,0.33,0,0
101,1,0,0,39,0.5,1,3,0,0,0,0,0,0,0.33,0.33,0,0,0.33,1,0,0,0.66,0.33,0,0.33,0.33,0.33,0.33,0.66,0.66,0.66,0.33,0.66,0.66,0.33,0.33,0.66,0.33,0.66,0.66
102,1,0,0,57,0.5,0.75,0,0,0,0,0,0,0,0.33,0.66,0.33,0.66,0.33,0.66,1,0,0.33,0.33,0.33,0.33,0.66,0.33,0.66,0.33,0.33,0.66,0.33,0.66,0.33,0.66,0.66,0.66,0.66,0.66,0.66
103,1,0,0,22,0,0.5,0,1,1,0,0,1,1,1,1,1,0.33,1,1,0,0,0.66,0,0.33,0.33,0.66,0,1,1,1,1,0.33,1,1,1,1,1,1,1,1
104,0,0,0,60,0,0,1,1,0,0,0,1,0,0.33,1,0.33,0.33,0.66,0.66,1,1,0.33,0.33,0.33,0.33,0.33,0.33,1,0.33,1,0.66,0.33,0.66,0.33,0.66,0.66,0.33,0.33,0.33,0.33
105,1,0,0,54,0.5,0.75,1,0,0,0,0,1,0,0,0.66,0,0.33,0,0.33,0,0.33,0.33,0,0.33,0,0.33,0,0.33,0,0.33,0,0,0.33,0.33,0.66,0.33,0.33,0.33,0,0
106,1,0,0,50,0.5,0.5,1,0,0,0,0,0,0,0.33,1,0.33,0,0.33,0.66,0.66,0.33,0.66,0,0,0.33,0.66,0.33,0.66,0.66,0.33,0.66,0.33,0.66,0.66,0.66,0.66,0.66,0.66,0.66,0.66
107,1,0,0,48,0.5,0.75,2,0,0,1,0,0,0,0.33,0.33,0.33,0,0,0.33,0.66,0.33,0.33,0.33,0.33,0.33,0.33,0.33,0.33,0.33,0,0.33,0.33,0.33,0.33,0,0.33,0.33,0.33,0.33,0.33
108,1,0,0,42,0.5,1,3,1,0,1,0,0,1,0.66,1,0.66,0.66,0.33,1,1,0.33,0.33,0.33,0,0,0.33,0,1,1,1,0.66,0.33,1,1,1,1,1,0.33,0.33,1
109,1,0,0,21,0.5,0.5,0,0,0,0,0,0,0,1,0.66,1,1,1,1,1,1,1,0.66,0.66,0.66,1,0.33,1,1,1,1,1,1,1,1,1,1,1,1,1
110,1,0,0,20,0.5,0.5,0,1,0,0,0,1,0,0,0.33,0.33,0.66,0.66,0.66,0,0,0.33,0.66,0.33,0.33,0.33,0,0.66,0.33,0.33,0.33,0,0.66,0.66,1,0.33,0.33,0.33,0,0.33
111,0,0,0,22,0.5,0.5,0,0,1,0,1,0,1,0.33,1,1,0.33,1,1,1,0.66,0.66,0.33,0,0.33,0.33,0.33,1,0.66,1,1,0.66,1,1,1,1,0.66,0.66,0.33,0.66
112,0,0,0,19,0.5,0.5,0,0,0,0,0,0,0,0.66,1,1,1,1,1,1,1,1,0.66,0.33,1,0.33,0.33,1,1,1,1,1,1,1,1,1,1,1,1,1
113,0,0,0,19,0.5,0.5,0,0,0,0,0,1,0,0.66,1,1,0.66,0.66,1,1,1,1,0.66,0.33,0.66,0.66,0.33,0.66,0.66,1,1,0.66,1,1,1,1,1,1,1,1
114,0,0,0,22,0.5,0.5,0,0,0,0,0,0,0,1,1,1,1,1,1,1,1,1,0.33,0.66,0.33,0.33,0,1,1,1,1,0.66,1,1,1,1,1,1,1,1
115,0,0,0,22,0.5,0.5,0,0,0,0,0,0,0,1,1,1,1,1,1,1,1,1,0.33,0.33,0.33,0.66,0,1,1,1,1,1,1,1,1,1,1,1,1,1
116,0,0,0,20,0.5,0.5,1,0,0,0,0,0,0,0.33,0.33,0,0,0,0.33,0,0,0.66,0,0.33,0.66,1,0,0.66,0.33,0.66,0.66,0,0.66,0.33,0,0.66,0.66,0.33,0.66,0.33
117,0,0,0,22,0.5,0.5,1,0,0,0,1,0,1,1,0.33,0.66,1,1,1,1,0.66,1,0,0.33,0.66,0.33,0.66,1,1,1,1,0.66,1,0.66,0.66,1,1,1,1,1
118,0,0,0,19,0.5,0.5,0,0,1,0,0,0,0,0.33,0.66,0.66,0.33,0.66,1,0.66,1,1,0.66,0.33,0.33,0.33,0.33,1,0,0.66,1,0.33,1,1,0.66,0.33,0.66,0.66,0.33,0.66
119,0,0,0,31,0.5,0.75,1,1,0,0,0,0,0,1,1,1,1,1,1,1,0.66,1,0,0.33,0.33,0.33,0,1,1,1,1,0.66,1,1,0.66,1,1,1,1,1
120,0,0,0,27,0,0.5,0,0,0,0,0,0,0,1,0.66,0.66,1,1,1,1,1,1,0.66,0.66,0,0.66,0.66,1,1,1,1,0.66,1,1,1,1,1,1,1,1
121,0,0,0,22,0.5,0.5,0,1,0,0,0,0,0,1,1,1,0.66,1,1,0.33,0.66,1,0.33,0.33,0.66,0.66,0.33,1,1,1,1,1,1,1,0.33,1,1,1,1,1
122,0,0,0,21,0.5,0.5,0,1,0,0,0,0,0,0.33,0.66,1,0.66,1,1,1,1,1,0.33,0,0.33,0.66,0.33,1,0.66,1,1,1,1,1,0.66,0.66,1,0.66,1,1
123,0,0,0,23,0.5,0.25,1,0,0,0,0,0,0,0.33,1,1,1,1,1,1,0.33,1,0.33,0,0,0,0.33,1,0.66,1,1,0.33,1,1,1,1,1,1,0.66,1
124,0,0,0,22,0.5,1,1,0,0,0,0,0,0,1,0.66,1,1,1,1,0.33,1,0.33,0.33,0,0.33,0.66,0,1,1,1,0.33,0.33,1,1,0.66,1,1,0.33,0.66,1
125,0,0,0,23,0.5,0.5,1,0,0,0,0,0,0,0.66,0.33,0.66,0.33,1,1,0.66,0.66,1,0.33,0.33,0.66,0.66,0.33,1,1,1,0.66,0.66,1,1,0.66,1,1,0.66,1,1
126,0,0,0,24,0,1,1,1,0,0,0,0,0,1,0.33,1,0.66,1,1,1,1,1,0.33,0,0.33,0.33,0.33,1,0.66,1,1,0.66,1,1,1,1,1,1,1,1
127,0,0,0,21,0.5,0.5,0,0,1,0,0,0,0,0.33,0,0.33,0.33,0.33,0.66,1,0.66,0.66,0.66,0,0.66,0.66,0.66,0.66,0.33,0.33,0.66,0.33,1,1,1,0.66,0.66,0.33,0,0.66
128,0,0,0,21,0.5,0.5,0,1,1,0,1,0,1,0,0,0,0,0.33,0.33,0.66,0.33,0.33,0.33,0,0.33,0,0,0.33,0.33,0.33,0.33,0.33,0.66,0.66,0.33,0.33,0.66,0.33,0.33,0.33
129,0,0,0,22,0.5,0.5,0,1,1,0,0,0,0,0.66,0.66,1,1,1,1,1,0.66,0.66,0.33,0,0.66,0.66,0.33,1,0.66,1,1,0.66,1,1,0.66,1,1,1,1,1
130,0,0,0,21,0.5,0.5,0,1,1,0,1,0,0,0.66,0.66,0.66,0.33,0.66,0.66,0.66,0.33,0.66,0.33,0.33,0.33,0,0.66,0.66,0.66,0.66,0.66,0.33,0.66,0.33,0.66,0.66,0.66,0.66,0.66,0.66
131,0,0,0,23,0.5,0.5,0,1,1,1,1,0,0,0.33,0.33,0.66,0.66,1,1,1,0.66,0.66,0.33,0.33,0.33,0.66,0.33,0.66,0.66,1,1,0.33,1,1,1,0.66,1,1,0.66,0.66
132,0,0,0,27,0.5,0.5,1,1,1,0,0,0,0,1,0.33,0.66,1,1,1,1,0.33,0.66,0.33,0,0.33,0.33,0.33,1,1,1,1,0.66,1,0.66,1,1,1,0.66,0.66,0.66
133,0,0,0,20,0.5,0.5,0,0,0,0,0,0,0,0.66,0.66,0.66,0.66,1,1,1,1,1,0.33,0.66,0.33,0.66,0.33,1,1,1,1,1,1,1,1,1,1,1,1,1
134,0,0,0,21,0.5,0.5,0,0,0,1,1,0,0,0.33,0.33,0.66,0,0.33,1,0.66,0,0.33,0.33,0,0,0.33,0,1,0,0.66,0.33,0.66,1,0.66,1,0.33,0.66,0.33,0,1
135,0,0,0,54,0.5,1,3,0,0,0,0,0,0,0,1,0.66,0.66,0.66,0.66,0.66,0.66,0.66,0,0,0,0,0,1,0,0,0.33,0.33,1,1,0.66,1,0.33,0.33,0.33,0.33
136,0,0,0,22,0.5,0.5,0,0,1,0,0,0,1,0.66,1,1,0.33,1,0.66,1,0.33,0.66,0.33,0.33,0.33,0.66,0.66,1,1,1,0.66,0.66,1,1,1,1,1,0.66,0.66,1
137,0,0,0,57,0,0.75,3,0,0,0,0,1,0,0.66,1,1,1,1,1,1,1,0.66,0.66,0.66,0.66,0,0.33,1,1,1,0.66,0.66,0.66,0.66,1,1,1,1,1,1
